model,sector,precision,recall,f1-score,support
Linear SVM,23,1.0,0.4444444444444444,0.6153846153846154,9.0
Linear SVM,44-45,1.0,0.14285714285714285,0.25,7.0
Linear SVM,52,0.0,0.0,0.0,6.0
Linear SVM,54,1.0,0.2,0.3333333333333333,5.0
Linear SVM,61,1.0,0.42857142857142855,0.6,7.0
Linear SVM,62,0.5932203389830508,1.0,0.7446808510638298,35.0
Logistic regression,23,0.16363636363636364,1.0,0.28125,9.0
Logistic regression,44-45,0.0,0.0,0.0,7.0
Logistic regression,52,0.0,0.0,0.0,6.0
Logistic regression,54,1.0,0.2,0.3333333333333333,5.0
Logistic regression,61,1.0,0.2857142857142857,0.4444444444444444,7.0
Logistic regression,62,1.0,0.2857142857142857,0.4444444444444444,35.0
Random forest,23,1.0,0.3333333333333333,0.5,9.0
Random forest,44-45,0.16279069767441862,1.0,0.28,7.0
Random forest,52,0.0,0.0,0.0,6.0
Random forest,54,1.0,0.2,0.3333333333333333,5.0
Random forest,61,1.0,0.2857142857142857,0.4444444444444444,7.0
Random forest,62,1.0,0.5428571428571428,0.7037037037037037,35.0
GBDT,23,1.0,0.2222222222222222,0.36363636363636365,9.0
GBDT,44-45,1.0,0.14285714285714285,0.25,7.0
GBDT,52,0.0,0.0,0.0,6.0
GBDT,54,1.0,0.2,0.3333333333333333,5.0
GBDT,61,1.0,0.14285714285714285,0.25,7.0
GBDT,62,0.5555555555555556,1.0,0.7142857142857143,35.0
Training majority,23,0.0,0.0,0.0,9.0
Training majority,44-45,0.0,0.0,0.0,7.0
Training majority,52,0.0,0.0,0.0,6.0
Training majority,54,0.0,0.0,0.0,5.0
Training majority,61,0.0,0.0,0.0,7.0
Training majority,62,0.5072463768115942,1.0,0.6730769230769231,35.0
