column,missing_rows,present_rows,missing_share
NORMALIZED_SALARY,2254861,95494,0.9593703929831876
TEXT_PAY_CURRENCY,2110353,240002,0.8978869149554004
MIN_YEARS_EXPERIENCE,1975397,374958,0.8404675038451638
NAICS2,1885763,464592,0.8023311372111872
NAICS_2022_2,1885763,464592,0.8023311372111872
PARSED_COUNTRY_ISO_ABBR,360091,1990264,0.15320706871940623
COMPANY_IS_STAFFING,332125,2018230,0.14130844063981823
STATE_NAME,310336,2040019,0.13203792618561877
REMOTE_TYPE_NAME,235365,2114990,0.10014019158807924
POSTED,45104,2305251,0.01919029253027734
TITLE_CLEAN,651,2349704,0.000276979435021518
COMPANY_NAME,33,2350322,1.4040432190030867e-05
ID,0,2350355,0.0
TITLE_RAW,0,2350355,0.0
TITLE_NAME,0,2350355,0.0
SKILLS_NAME,0,2350355,0.0
SALARY_NORMALIZATION_STATUS,0,2350355,0.0
