value,rows,share_source_rows
2026,2272224,0.9667577876533545
(missing),45104,0.01919029253027734
2019,8481,0.003608391072837933
2025,8427,0.003585415820163337
2024,6838,0.0029093477368312445
2016,2864,0.0012185393270378304
2017,2095,0.000891354710245899
2023,1575,0.0006701115363423823
2015,1013,0.00043099872146973544
2021,627,0.0002667682116105865
2022,620,0.0002637899381157315
2020,238,0.00010126129882507111
2018,168,7.147856387652078e-05
2014,63,2.6804461453695293e-05
2013,10,4.254676421221475e-06
2012,7,2.9782734948550325e-06
2011,1,4.2546764212214753e-07
