value,rows,share_source_rows
(missing or unrecognized),208253,0.2554646568358659
California,76281,0.09357415973885938
Texas,54960,0.06741961719494648
New York,45876,0.05627624378521406
Florida,32599,0.03998930314661681
Virginia,25584,0.03138397900865194
Ohio,23916,0.02933783778810662
Illinois,23175,0.028428850591209687
Pennsylvania,21460,0.02632505431229169
North Carolina,19724,0.02419549726261143
Georgia,18686,0.02292217916493395
Washington,18242,0.022377522868817567
Massachusetts,17914,0.02197516416357844
New Jersey,16518,0.020262686259572886
Tennessee,14060,0.017247449377018692
Arizona,13715,0.01682423671449583
Colorado,13031,0.015985171609667895
Michigan,13018,0.015969224465862686
Indiana,11419,0.01400772577782194
Maryland,10448,0.012816596805909766
Minnesota,10186,0.012495200523066317
Wisconsin,9768,0.011982438514560356
District of Columbia,8909,0.010928700320046909
Missouri,8661,0.0106244778843783
South Carolina,7813,0.0095842334269308
Alabama,7269,0.008916906793851272
Oregon,6741,0.008269207414685847
Nevada,5896,0.007232643067347242
Kentucky,5886,0.007220376033650927
Utah,5728,0.007026556901249152
Louisiana,5214,0.006396031369258568
Connecticut,5210,0.006391124555780042
Oklahoma,4847,0.0059458312326038125
Kansas,4150,0.005090818983970667
Mississippi,3935,0.004827077759499898
Iowa,3783,0.004640618847315912
New Hampshire,3745,0.004594004119269916
Arkansas,3299,0.0040468944164142725
New Mexico,2903,0.003561119882040204
Idaho,2614,0.0032066026082167047
Delaware,2461,0.003018916992663087
Nebraska,2326,0.0028533120377628365
West Virginia,2014,0.002470580586437813
Hawaii,2009,0.0024644470695896555
Rhode Island,2008,0.002463220366220024
Montana,1962,0.0024067920112169757
Maine,1948,0.002389618164042135
Alaska,1166,0.0014303361289903127
North Dakota,1103,0.0013530538167035291
Wyoming,1037,0.001272091394307851
South Dakota,865,0.0010610984147312354
Vermont,858,0.001052511491143815
