skill,postings,share_all_postings,share_with_skills
SQL (Programming Language),63,0.5625,0.6
Tableau (Business Intelligence Software),36,0.32142857142857145,0.34285714285714286
Microsoft Excel,26,0.23214285714285715,0.24761904761904763
Power BI,26,0.23214285714285715,0.24761904761904763
Python (Programming Language),26,0.23214285714285715,0.24761904761904763
Data Quality,23,0.20535714285714285,0.21904761904761905
Data Analysis,18,0.16071428571428573,0.17142857142857143
Computer Science,13,0.11607142857142858,0.12380952380952381
Data Visualization,13,0.11607142857142858,0.12380952380952381
Microsoft Office,11,0.09821428571428571,0.10476190476190476
