skill,postings,share_all_scope_postings
SQL (Programming Language),63,0.5625
Tableau (Business Intelligence Software),36,0.32142857142857145
Python (Programming Language),26,0.23214285714285715
Power BI,26,0.23214285714285715
Microsoft Excel,26,0.23214285714285715
Data Quality,23,0.20535714285714285
Data Analysis,18,0.16071428571428573
Computer Science,13,0.11607142857142858
Data Visualization,13,0.11607142857142858
Microsoft Office,11,0.09821428571428571
Data Science,10,0.08928571428571429
Verbal Communication Skills,10,0.08928571428571429
Business Intelligence,10,0.08928571428571429
Data Collection,10,0.08928571428571429
Data Mining,10,0.08928571428571429
Data Management,9,0.08035714285714286
Information Systems,9,0.08035714285714286
Reporting and Analysis,9,0.08035714285714286
Leadership,9,0.08035714285714286
Performance Analysis,8,0.07142857142857142
Information Technology,8,0.07142857142857142
Source Data,8,0.07142857142857142
Data Engineering,8,0.07142857142857142
Product Engineering,7,0.0625
Machine Learning,7,0.0625
Advanced Analytics,7,0.0625
Business Analytics,7,0.0625
Value-Based Care,7,0.0625
Process Improvement,7,0.0625
Data Integrity,7,0.0625
Statistical Analysis,7,0.0625
Critical Thinking,7,0.0625
Data Modeling,7,0.0625
Quality Improvement,6,0.05357142857142857
System Software,6,0.05357142857142857
Quality Assurance,6,0.05357142857142857
Analytics,6,0.05357142857142857
Reporting Solutions,6,0.05357142857142857
Risk Management,5,0.044642857142857144
Quality Control,5,0.044642857142857144
Health Informatics,5,0.044642857142857144
Anomaly Detection,5,0.044642857142857144
Data Reporting,5,0.044642857142857144
Protected Health Information,5,0.044642857142857144
System Configuration,5,0.044642857142857144
Data Extraction,5,0.044642857142857144
Decision Making,5,0.044642857142857144
Reporting Tools,5,0.044642857142857144
Business Results,5,0.044642857142857144
Trend Analysis,4,0.03571428571428571
Customer Analytics,4,0.03571428571428571
Customer Analysis,4,0.03571428571428571
Business Problems,4,0.03571428571428571
Healthcare Analytics,4,0.03571428571428571
Statistical Methods,4,0.03571428571428571
Technical Requirements,4,0.03571428571428571
Business Requirements,4,0.03571428571428571
Operations,4,0.03571428571428571
Problem Management,4,0.03571428571428571
Epic EMR,4,0.03571428571428571
Business Workflow Analysis,4,0.03571428571428571
Operational Efficiency,4,0.03571428571428571
Data Validation,4,0.03571428571428571
Population Health,4,0.03571428571428571
Business Intelligence Tools,4,0.03571428571428571
Information Management,4,0.03571428571428571
Data Pipelines,4,0.03571428571428571
Identity Verification,3,0.026785714285714284
Rule-Based Systems,3,0.026785714285714284
Customer Segmentation,3,0.026785714285714284
Timelines,3,0.026785714285714284
Data Management Platforms,3,0.026785714285714284
Training And Development,3,0.026785714285714284
Data Architecture,3,0.026785714285714284
Data Analysis Tools,3,0.026785714285714284
Data Governance,3,0.026785714285714284
Collaboration,3,0.026785714285714284
Continuous Quality Improvement (CQI),3,0.026785714285714284
Health Education,3,0.026785714285714284
Lean Six Sigma,3,0.026785714285714284
Technical Acumen,3,0.026785714285714284
Regulatory Requirements,3,0.026785714285714284
Salesforce,3,0.026785714285714284
Solutions Support,3,0.026785714285714284
Databricks,3,0.026785714285714284
Business Decisions,3,0.026785714285714284
Confidentiality,3,0.026785714285714284
Finance,3,0.026785714285714284
Medical Management,3,0.026785714285714284
Exploratory Data Analysis,3,0.026785714285714284
Data Entry,2,0.017857142857142856
Collective Bargaining,2,0.017857142857142856
Streamlining,2,0.017857142857142856
Data Retrieval,2,0.017857142857142856
Database Application,2,0.017857142857142856
Clinical Pharmacy,2,0.017857142857142856
Confidence Intervals,2,0.017857142857142856
Program Design,2,0.017857142857142856
Snowflake Schema,2,0.017857142857142856
Product Management,2,0.017857142857142856
Higher Education,2,0.017857142857142856
Data Privacy Laws,2,0.017857142857142856
Data Sharing,2,0.017857142857142856
Developmental Disabilities,2,0.017857142857142856
Social Justice,2,0.017857142857142856
External Reporting,2,0.017857142857142856
Solution Design,2,0.017857142857142856
Planning,2,0.017857142857142856
Care Coordination,2,0.017857142857142856
Industrial Engineering,2,0.017857142857142856
Geography,2,0.017857142857142856
Medical Device Development,2,0.017857142857142856
Combination Products,2,0.017857142857142856
Complaint Investigations,2,0.017857142857142856
Project Management,2,0.017857142857142856
Change Control,2,0.017857142857142856
Time Management,2,0.017857142857142856
Veeva,2,0.017857142857142856
Public Health,2,0.017857142857142856
Statistical Software,2,0.017857142857142856
Clinical Research,2,0.017857142857142856
Translational Research,2,0.017857142857142856
Patient Safety,2,0.017857142857142856
Clinical Data Analysis,2,0.017857142857142856
Stakeholder Engagement,2,0.017857142857142856
Clinical Decision Support,2,0.017857142857142856
Claims Processing,2,0.017857142857142856
Talent Acquisition,2,0.017857142857142856
Contact Center Operations,2,0.017857142857142856
Statistical Reporting,2,0.017857142857142856
Analytical Skills,2,0.017857142857142856
Clinical Informatics,2,0.017857142857142856
Microsoft Outlook,2,0.017857142857142856
Microsoft Word,2,0.017857142857142856
Operating Systems,2,0.017857142857142856
Electronic Medical Record,2,0.017857142857142856
Software Analysis,2,0.017857142857142856
Project Implementation,2,0.017857142857142856
Management Information Systems,2,0.017857142857142856
Root Cause Analysis,2,0.017857142857142856
Apache Spark,2,0.017857142857142856
Performance Improvement,2,0.017857142857142856
Database Management,2,0.017857142857142856
Bone Marrow Transplant,2,0.017857142857142856
Database Systems,2,0.017857142857142856
Financial Services,2,0.017857142857142856
Adobe Analytics,2,0.017857142857142856
Enterprise Marketing,2,0.017857142857142856
Marketing Operations,2,0.017857142857142856
Marketing Analytics,2,0.017857142857142856
Business Systems,2,0.017857142857142856
Operations Analytics,2,0.017857142857142856
Artificial Intelligence Development,2,0.017857142857142856
Test Data,2,0.017857142857142856
Data Manipulation,2,0.017857142857142856
C++ (Programming Language),2,0.017857142857142856
JavaScript (Programming Language),2,0.017857142857142856
Strategic Planning,2,0.017857142857142856
Preventive Care,2,0.017857142857142856
Data Infrastructure,2,0.017857142857142856
Market Data,2,0.017857142857142856
Fx Options,2,0.017857142857142856
Chronic Disease Management,2,0.017857142857142856
Innovation,2,0.017857142857142856
Naming Conventions,2,0.017857142857142856
Statistics,2,0.017857142857142856
Business Objectives,2,0.017857142857142856
Data Transformation,1,0.008928571428571428
Incident Response,1,0.008928571428571428
Shift Work,1,0.008928571428571428
Problem Solving,1,0.008928571428571428
Software Engineering,1,0.008928571428571428
Business Logic,1,0.008928571428571428
Clinical Trials,1,0.008928571428571428
Business Administration,1,0.008928571428571428
Radiation Therapy,1,0.008928571428571428
Radiation Oncology,1,0.008928571428571428
Research And Development,1,0.008928571428571428
Dosimetry,1,0.008928571428571428
Development Testing,1,0.008928571428571428
Treatment Planning,1,0.008928571428571428
Verification And Validation,1,0.008928571428571428
Technology Solutions,1,0.008928571428571428
Organizational Skills,1,0.008928571428571428
Data Integration,1,0.008928571428571428
Azure Data Lake,1,0.008928571428571428
Azure Synapse Analytics,1,0.008928571428571428
Data Mapping,1,0.008928571428571428
Feature Engineering,1,0.008928571428571428
Customer Service,1,0.008928571428571428
Fraud Prevention,1,0.008928571428571428
Fraud Risk Management,1,0.008928571428571428
Regulatory Compliance,1,0.008928571428571428
Communication Design,1,0.008928571428571428
Quality Management Systems,1,0.008928571428571428
Query Optimization,1,0.008928571428571428
Build Tools,1,0.008928571428571428
Senior Living,1,0.008928571428571428
Medical Terminology,1,0.008928571428571428
Tooling,1,0.008928571428571428
Python For Data Analysis,1,0.008928571428571428
Data Structures,1,0.008928571428571428
Open Mindset,1,0.008928571428571428
Palliative Care,1,0.008928571428571428
Survival Analysis,1,0.008928571428571428
Epidemiology,1,0.008928571428571428
Mentorship,1,0.008928571428571428
Disabilities,1,0.008928571428571428
Analytical Thinking,1,0.008928571428571428
Data Abstraction,1,0.008928571428571428
Dental Health,1,0.008928571428571428
Data Element,1,0.008928571428571428
Vision Insurance,1,0.008928571428571428
Term Life Insurance,1,0.008928571428571428
Data Strategy,1,0.008928571428571428
Business Operations,1,0.008928571428571428
Competitive Analysis,1,0.008928571428571428
Quantitative Research,1,0.008928571428571428
Data Ingestion,1,0.008928571428571428
Statistical Modeling,1,0.008928571428571428
Information Architecture,1,0.008928571428571428
Report Development,1,0.008928571428571428
Organizational Performance,1,0.008928571428571428
Data Acquisition,1,0.008928571428571428
Healthcare Quality,1,0.008928571428571428
Quantitative Analysis,1,0.008928571428571428
Operational Excellence,1,0.008928571428571428
Total Quality Management,1,0.008928571428571428
Stress Management,1,0.008928571428571428
Family Support,1,0.008928571428571428
Spiritual Care,1,0.008928571428571428
Peer Support,1,0.008928571428571428
Risk Analytics,1,0.008928571428571428
Product Analytics,1,0.008928571428571428
Performance Reporting,1,0.008928571428571428
Equities,1,0.008928571428571428
GitHub Copilot,1,0.008928571428571428
Data Wrangling,1,0.008928571428571428
Code Generation,1,0.008928571428571428
Diversity And Inclusion,1,0.008928571428571428
Sales Management,1,0.008928571428571428
Key Performance Indicators (KPIs),1,0.008928571428571428
Google Tag Manager,1,0.008928571428571428
Revenue Growth,1,0.008928571428571428
Health Information Technology,1,0.008928571428571428
Operational Databases,1,0.008928571428571428
Gap Analysis,1,0.008928571428571428
Customer Engagement,1,0.008928571428571428
Data Cleansing,1,0.008928571428571428
Writing,1,0.008928571428571428
Build Automation,1,0.008928571428571428
Billing,1,0.008928571428571428
Management,1,0.008928571428571428
Managed Care,1,0.008928571428571428
Software Systems,1,0.008928571428571428
Requirements Specifications,1,0.008928571428571428
Business Acumen,1,0.008928571428571428
Communication,1,0.008928571428571428
Creativity,1,0.008928571428571428
Product Analysis,1,0.008928571428571428
Visualization,1,0.008928571428571428
Requirements Analysis,1,0.008928571428571428
SWOT Analysis,1,0.008928571428571428
Product Metrics,1,0.008928571428571428
Reliability,1,0.008928571428571428
Economics,1,0.008928571428571428
BigQuery,1,0.008928571428571428
Variance Analysis,1,0.008928571428571428
Version Control,1,0.008928571428571428
Cost Management,1,0.008928571428571428
Operations Research,1,0.008928571428571428
Process Control,1,0.008928571428571428
Data Build Tool,1,0.008928571428571428
Kubernetes,1,0.008928571428571428
Storage Architecture,1,0.008928571428571428
Utilization Management,1,0.008928571428571428
Business Process Modeling,1,0.008928571428571428
Cost Benefit Analysis,1,0.008928571428571428
User Acceptance Testing (UAT),1,0.008928571428571428
Cardiology,1,0.008928571428571428
