roles,postings
Data Scientists,9
Senior Data Analyst,8
Management Analysts,7
Data Analyst,5
Actors,3
Human Resources Data Analyst,3
Women's Health Data Analyst - Healthy Start,3
Research Data Analyst / Data & Analytics,3
Lead Data Analyst,3
Database Architects,3
"Senior Data Analyst, Customer Growth",2
Business Intelligence Analysts,2
"Data Analyst, Mid",2
Sr Clinical Data Analyst,2
Enterprise Marketing Data Analyst – Cross-Functional Insights & Visualization,2
Business Intelligence Analyst,2
"Contractor ,",2
Senior Quantitative Data Analyst,2
CTMS Data Analyst 1,1
Business Data Analyst,1
Senior Data Analyst - Fraud Strategy & Operations,1
Clinical Data Analyst - Dosimetrist,1
6386 - Technical Specialist / Data Analyst,1
Epic Clinical Analyst I,1
Statisticians,1
ICQA Data Analyst,1
Operations Data Analyst II,1
Sr Quality Engineer - Post Market Data Analyst,1
Risk Adjustment Healthcare Analyst,1
Data Analyst 4,1
"Data Analyst, Clinical Operations",1
"Epic Clinical Analyst, Beacon",1
"Data Analyst, Data & Analytics",1
RN Clinical Data Analyst,1
Physician Assistants,1
Data Analyst 3- Enterprise Info Management,1
Senior Data Analyst - Customer Analytics,1
Epic Clinical Analyst Senior - Ambulatory,1
Principal Data Analyst,1
Data Analyst I,1
Healthcare Analyst II,1
Sr. MassHealth Encounter Data Analyst,1
Epic Clinical Analyst III,1
Clinical Data Analyst,1
Operations Data Analyst,1
"Senior Data Analyst, Customer Success",1
Sr. Business Intelligence Analyst,1
BizBuySell - Lead Data Analyst,1
Sr Healthcare Data Analyst,1
Pharmacy/Supplies Senior Data Analyst,1
Data Analyst - Bone Marrow National Registry,1
"Senior Data Analyst, Data Transfer Agreement, Gap Analysis, Data SQL Skills",1
Clinical Analyst,1
Senior Health Data Analyst,1
"Data Analyst - Manhattan, Central Billing Office",1
Business Data Analyst I,1
Clinical Trauma Data Analyst,1
"Data Analyst - SQL, Excel, Tableau/Power BI, with Salesforce",1
Population Health Data Analyst,1
"Data Analyst BI Architecture, Client Facing Experience Must",1
"Senior Data Analyst, Data Transfer Agreement",1
Healthcare Data Analyst - Value Based Care,1
Data Analyst-Institute for Advanced Medicine-Aids Center Peter Krueger Clinic-Mount Sinai Health System--Days,1
"Senior Data Analyst, Strategic Operations",1
Senior Utilization Management Data Analyst,1
Physical Therapists,1
CMA - Outpatient Cardiology,1
